sample_idx,baseband_i,baseband_q
0,0,0
1,0,0
2,0,0
3,0,0
4,0,0
5,0,0
6,0,0
7,-1,-1
8,-1,-1
9,0,-1
10,0,0
11,-1,0
12,0,-1
13,0,0
14,-1,0
15,0,-1
16,0,0
17,-1,-1
18,1,-2
19,-1,2
20,-2,-2
21,3,-2
22,-5,5
23,-5,-17
24,20,-40
25,26,-17
26,16,0
27,21,-8
28,22,-6
29,19,-4
30,21,-7
31,20,-5
32,20,-5
33,21,-6
34,20,-5
35,20,-5
36,20,-5
37,20,-6
38,21,-6
39,20,-6
40,20,-5
41,20,-5
42,20,-6
43,21,-6
44,20,-6
45,20,-5
46,20,-5
47,20,-6
48,21,-6
49,20,-6
50,20,-5
51,20,-5
52,20,-6
53,21,-6
54,20,-6
55,20,-5
56,20,-5
57,20,-6
58,21,-6
59,20,-6
60,20,-5
61,20,-5
62,20,-6
63,21,-6
64,20,-6
65,20,-5
66,20,-5
67,20,-6
68,21,-6
69,20,-6
70,20,-5
71,20,-5
72,20,-6
73,21,-6
74,20,-6
75,20,-5
76,20,-5
77,20,-6
78,21,-6
79,20,-6
80,20,-5
81,20,-5
82,20,-6
83,21,-6
84,20,-6
85,20,-5
86,20,-5
87,20,-6
88,21,-6
89,20,-6
90,20,-5
91,20,-5
92,20,-6
93,21,-6
94,20,-6
95,20,-5
96,20,-5
97,20,-6
98,21,-6
99,20,-6
100,20,-5
101,20,-5
102,20,-6
103,21,-6
104,20,-6
105,20,-5
106,20,-5
107,20,-6
108,21,-6
109,20,-6
110,20,-5
111,20,-5
112,20,-6
113,21,-6
114,20,-6
115,20,-5
116,20,-5
117,20,-6
118,21,-6
119,20,-6
120,20,-5
121,20,-5
122,20,-6
123,21,-6
124,20,-6
125,20,-5
126,20,-5
127,20,-6
128,21,-6
129,20,-6
130,20,-5
131,20,-5
132,20,-6
133,21,-6
134,20,-6
135,20,-5
136,20,-5
137,20,-6
138,21,-6
139,20,-6
140,20,-5
141,20,-5
142,20,-6
143,21,-6
144,20,-6
145,20,-5
146,20,-5
147,20,-6
148,21,-6
149,20,-6
150,20,-5
151,20,-5
152,20,-6
153,21,-6
154,20,-6
155,20,-5
156,20,-5
157,20,-6
158,21,-6
159,20,-6
160,20,-5
161,20,-5
162,20,-6
163,21,-6
164,20,-6
165,20,-5
166,20,-5
167,20,-6
168,21,-6
169,20,-6
170,20,-5
171,20,-5
172,20,-6
173,21,-6
174,20,-6
175,20,-5
176,20,-5
177,20,-6
178,21,-6
179,20,-6
180,20,-5
181,20,-5
182,20,-6
183,21,-6
184,20,-6
185,20,-5
186,20,-5
187,20,-6
188,21,-6
189,20,-6
190,20,-5
191,20,-5
192,20,-6
193,21,-6
194,20,-6
195,20,-5
196,20,-5
197,20,-6
198,21,-6
199,20,-6
200,20,-5
201,20,-5
202,20,-6
203,21,-6
204,20,-6
205,20,-5
206,20,-5
207,20,-6
208,21,-6
209,20,-6
210,20,-5
211,20,-5
212,20,-6
213,21,-6
214,20,-6
215,20,-5
216,20,-5
217,20,-6
218,21,-6
219,20,-6
220,20,-5
221,20,-5
222,20,-6
223,21,-6
224,20,-6
225,20,-5
226,20,-5
227,20,-6
228,21,-6
229,20,-6
230,20,-5
231,20,-5
232,20,-6
233,21,-6
234,20,-6
235,20,-5
236,20,-5
237,20,-6
238,21,-6
239,20,-6
240,20,-5
241,20,-5
242,20,-6
243,21,-6
244,20,-6
245,20,-5
246,20,-5
247,20,-6
248,21,-6
249,20,-6
250,20,-5
251,20,-5
252,20,-6
253,21,-6
254,20,-6
255,20,-5
256,20,-5
257,20,-6
258,21,-6
259,20,-6
260,20,-5
261,20,-5
262,20,-6
263,21,-6
264,20,-6
265,20,-5
266,20,-5
267,20,-6
268,21,-6
269,20,-6
270,20,-5
271,20,-5
272,20,-6
273,21,-6
274,20,-6
275,20,-5
276,20,-5
277,20,-6
278,21,-6
279,20,-6
280,20,-5
281,20,-5
282,20,-6
283,21,-6
284,20,-6
285,20,-5
286,20,-5
287,20,-6
288,21,-6
289,20,-6
290,20,-5
291,20,-5
292,20,-6
293,21,-6
294,20,-6
295,20,-5
296,20,-5
297,20,-6
298,21,-6
299,20,-6
300,20,-5
301,20,-5
302,20,-6
303,21,-6
304,20,-6
305,20,-5
306,20,-5
307,20,-6
308,21,-6
309,20,-6
310,20,-5
311,20,-5
312,20,-6
313,21,-6
314,20,-6
315,20,-5
316,20,-5
317,20,-6
318,21,-6
319,20,-6
320,20,-5
321,20,-5
322,20,-6
323,21,-6
324,20,-6
325,20,-5
326,20,-5
327,20,-6
328,21,-6
329,20,-6
330,20,-5
331,20,-5
332,20,-6
333,21,-6
334,20,-6
335,20,-5
336,20,-5
337,20,-6
338,21,-6
339,20,-6
340,20,-5
341,20,-5
342,20,-6
343,21,-6
344,20,-6
345,20,-5
346,20,-5
347,20,-6
348,21,-6
349,20,-6
350,20,-5
351,20,-5
352,20,-6
353,21,-6
354,20,-6
355,20,-5
356,20,-5
357,20,-6
358,21,-6
359,20,-6
360,20,-5
361,20,-5
362,20,-6
363,21,-6
364,20,-6
365,20,-5
366,20,-5
367,20,-6
368,21,-6
369,20,-6
370,20,-5
371,20,-5
372,20,-6
373,21,-6
374,20,-6
375,20,-5
376,20,-5
377,20,-6
378,21,-6
379,20,-6
380,20,-5
381,20,-5
382,20,-6
383,21,-6
384,20,-6
385,20,-5
386,20,-5
387,20,-6
388,21,-6
389,20,-6
390,20,-5
391,20,-5
392,20,-6
393,21,-6
394,20,-6
395,20,-5
396,20,-5
397,20,-6
398,21,-6
399,20,-6
400,20,-5
401,20,-5
402,20,-6
403,21,-6
404,20,-6
405,20,-5
406,20,-5
407,20,-6
408,21,-6
409,20,-6
410,20,-5
411,20,-5
412,20,-6
413,21,-6
414,20,-6
415,20,-5
416,20,-5
417,20,-6
418,21,-6
419,20,-6
420,20,-5
421,20,-5
422,20,-6
423,21,-6
424,20,-6
425,20,-5
426,20,-5
427,20,-6
428,21,-6
429,20,-6
430,20,-5
431,20,-5
432,20,-6
433,21,-6
434,20,-6
435,20,-5
436,20,-5
437,20,-6
438,21,-6
439,20,-6
440,20,-5
441,20,-5
442,20,-6
443,21,-6
444,20,-6
445,20,-5
446,20,-5
447,20,-6
448,21,-6
449,20,-6
450,20,-5
451,20,-5
452,20,-6
453,21,-6
454,20,-6
455,20,-5
456,20,-5
457,20,-6
458,21,-6
459,20,-6
460,20,-5
461,20,-5
462,20,-6
463,21,-6
464,20,-6
465,20,-5
466,20,-5
467,20,-6
468,21,-6
469,20,-6
470,20,-5
471,20,-5
472,20,-6
473,21,-6
474,20,-6
475,20,-5
476,20,-5
477,20,-6
478,21,-6
479,20,-6
480,20,-5
481,20,-5
482,20,-6
483,21,-6
484,20,-6
485,20,-5
486,20,-5
487,20,-6
488,21,-6
489,20,-6
490,20,-5
491,20,-5
492,20,-6
493,21,-6
494,20,-6
495,20,-5
496,20,-5
497,20,-6
498,21,-6
499,20,-6
500,20,-5
501,20,-5
502,20,-6
503,21,-6
504,20,-6
505,20,-5
506,20,-5
507,20,-6
508,21,-6
509,20,-6
510,20,-5
511,20,-5
512,20,-6
513,21,-6
514,20,-6
515,20,-5
516,20,-5
517,20,-6
518,21,-6
519,20,-6
520,20,-5
521,20,-5
522,20,-6
523,21,-6
524,20,-6
525,20,-5
526,20,-5
527,20,-6
528,21,-6
529,20,-6
530,20,-5
531,20,-5
532,20,-6
533,21,-6
534,20,-6
535,20,-5
536,20,-5
537,20,-6
538,21,-6
539,20,-6
540,20,-5
541,20,-5
542,20,-6
543,21,-6
544,20,-6
545,20,-5
546,20,-5
547,20,-6
548,21,-6
549,20,-6
550,20,-5
551,20,-5
552,20,-6
553,21,-6
554,20,-6
555,20,-5
556,20,-5
557,20,-6
558,21,-6
559,20,-6
560,20,-5
561,20,-5
562,20,-6
563,21,-6
564,20,-6
565,20,-5
566,20,-5
567,20,-6
568,21,-6
569,20,-6
570,20,-5
571,20,-5
572,20,-6
573,21,-6
574,20,-6
575,20,-5
576,20,-5
577,20,-6
578,21,-6
579,20,-6
580,20,-5
581,20,-5
582,20,-6
583,21,-6
584,20,-6
585,20,-5
586,20,-5
587,20,-6
588,21,-6
589,20,-6
590,20,-5
591,20,-5
592,20,-6
593,21,-6
594,20,-6
595,20,-5
596,20,-5
597,20,-6
598,21,-6
599,20,-6
600,20,-5
601,20,-5
602,20,-6
603,21,-6
604,20,-6
605,20,-5
606,20,-5
607,20,-6
608,21,-6
609,20,-6
610,20,-5
611,20,-5
612,20,-6
613,21,-6
614,20,-6
615,20,-5
616,20,-5
617,20,-6
618,21,-6
619,20,-6
620,20,-5
621,20,-5
622,20,-6
623,21,-6
624,20,-6
625,20,-5
626,20,-5
627,20,-6
628,21,-6
629,20,-6
630,20,-5
631,20,-5
632,20,-6
633,21,-6
634,20,-6
635,20,-5
636,20,-5
637,20,-6
638,21,-6
639,20,-6
640,20,-5
641,20,-5
642,20,-6
643,21,-6
644,20,-6
645,20,-5
646,20,-5
647,20,-6
648,21,-6
649,20,-6
650,20,-5
651,20,-5
652,20,-6
653,21,-6
654,20,-6
655,20,-5
656,20,-5
657,20,-6
658,21,-6
659,20,-6
660,20,-5
661,20,-5
662,20,-6
663,21,-6
664,20,-6
665,20,-5
666,20,-5
667,20,-6
668,21,-6
669,20,-6
670,20,-5
671,20,-5
672,20,-6
673,21,-6
674,20,-6
675,20,-5
676,20,-5
677,20,-6
678,21,-6
679,20,-6
680,20,-5
681,20,-5
682,20,-6
683,21,-6
684,20,-6
685,20,-5
686,20,-5
687,20,-6
688,21,-6
689,20,-6
690,20,-5
691,20,-5
692,20,-6
693,21,-6
694,20,-6
695,20,-5
696,20,-5
697,20,-6
698,21,-6
699,20,-6
700,20,-5
701,20,-5
702,20,-6
703,21,-6
704,20,-6
705,20,-5
706,20,-5
707,20,-6
708,21,-6
709,20,-6
710,20,-5
711,20,-5
712,20,-6
713,21,-6
714,20,-6
715,20,-5
716,20,-5
717,20,-6
718,21,-6
719,20,-6
720,20,-5
721,20,-5
722,20,-6
723,21,-6
724,20,-6
725,20,-5
726,20,-5
727,20,-6
728,21,-6
729,20,-6
730,20,-5
731,20,-5
732,20,-6
733,21,-6
734,20,-6
735,20,-5
736,20,-5
737,20,-6
738,21,-6
739,20,-6
740,20,-5
741,20,-5
742,20,-6
743,21,-6
744,20,-6
745,20,-5
746,20,-5
747,20,-6
748,21,-6
749,20,-6
750,20,-5
751,20,-5
752,20,-6
753,21,-6
754,20,-6
755,20,-5
756,20,-5
757,20,-6
758,21,-6
759,20,-6
760,20,-5
761,20,-5
762,20,-6
763,21,-6
764,20,-6
765,20,-5
766,20,-5
767,20,-6
768,21,-6
769,20,-6
770,20,-5
771,20,-5
772,20,-6
773,21,-6
774,20,-6
775,20,-5
776,20,-5
777,20,-6
778,21,-6
779,20,-6
780,20,-5
781,20,-5
782,20,-6
783,21,-6
784,20,-6
785,20,-5
786,20,-5
787,20,-6
788,21,-6
789,20,-6
790,20,-5
791,20,-5
792,20,-6
793,21,-6
794,20,-6
795,20,-5
796,20,-5
797,20,-6
798,21,-6
799,20,-6
800,20,-5
801,20,-5
802,20,-6
803,21,-6
804,20,-6
805,20,-5
806,20,-5
807,20,-6
808,21,-6
809,20,-6
810,20,-5
811,20,-5
812,20,-6
813,21,-6
814,20,-6
815,20,-5
816,20,-5
817,20,-6
818,21,-6
819,20,-6
820,20,-5
821,20,-5
822,20,-6
823,21,-6
824,20,-6
825,20,-5
826,20,-5
827,20,-6
828,21,-6
829,20,-6
830,20,-5
831,20,-5
832,20,-6
833,21,-6
834,20,-6
835,20,-5
836,20,-5
837,20,-6
838,21,-6
839,20,-6
840,20,-5
841,20,-5
842,20,-6
843,21,-6
844,20,-6
845,20,-5
846,20,-5
847,20,-6
848,21,-6
849,20,-6
850,20,-5
851,20,-5
852,20,-6
853,21,-6
854,20,-6
855,20,-5
856,20,-5
857,20,-6
858,21,-6
859,20,-6
860,20,-5
861,20,-5
862,20,-6
863,21,-6
864,20,-6
865,20,-5
866,20,-5
867,20,-6
868,21,-6
869,20,-6
870,20,-5
871,20,-5
872,20,-6
873,21,-6
874,20,-6
875,20,-5
876,20,-5
877,20,-6
878,21,-6
879,20,-6
880,20,-5
881,20,-5
882,20,-6
883,21,-6
884,20,-6
885,20,-5
886,20,-5
887,20,-6
888,21,-6
889,20,-6
890,20,-5
891,20,-5
892,20,-6
893,21,-6
894,20,-6
895,20,-5
896,20,-5
897,20,-6
898,21,-6
899,20,-6
900,20,-5
901,20,-5
902,20,-6
903,21,-6
904,20,-6
905,20,-5
906,20,-5
907,20,-6
908,21,-6
909,20,-6
910,20,-5
911,20,-5
912,20,-6
913,21,-6
914,20,-6
915,20,-5
916,20,-5
917,20,-6
918,21,-6
919,20,-6
920,20,-5
921,20,-5
922,20,-6
923,21,-6
924,20,-6
925,20,-5
926,20,-5
927,20,-6
928,21,-6
929,20,-6
930,20,-5
931,20,-5
932,20,-6
933,21,-6
934,20,-6
935,20,-5
936,20,-5
937,20,-6
938,21,-6
939,20,-6
940,20,-5
941,20,-5
942,20,-6
943,21,-6
944,20,-6
945,20,-5
946,20,-5
947,20,-6
948,21,-6
949,20,-6
950,20,-5
951,20,-5
952,20,-6
953,21,-6
954,20,-6
955,20,-5
956,20,-5
957,20,-6
958,21,-6
959,20,-6
960,20,-5
961,20,-5
962,20,-6
963,21,-6
964,20,-6
965,20,-5
966,20,-5
967,20,-6
968,21,-6
969,20,-6
970,20,-5
971,20,-5
972,20,-6
973,21,-6
974,20,-6
975,20,-5
976,20,-5
977,20,-6
978,21,-6
979,20,-6
980,20,-5
981,20,-5
982,20,-6
983,21,-6
984,20,-6
985,20,-5
986,20,-5
987,20,-6
988,21,-6
989,20,-6
990,20,-5
991,20,-5
992,20,-6
993,21,-6
994,20,-6
995,20,-5
996,20,-5
997,20,-6
998,21,-6
999,20,-6
1000,20,-5
1001,20,-5
1002,20,-6
1003,21,-6
1004,20,-6
1005,20,-5
1006,20,-5
1007,20,-6
1008,21,-6
1009,20,-6
1010,20,-5
1011,20,-5
1012,20,-6
1013,21,-6
1014,20,-6
1015,20,-5
1016,20,-5
1017,20,-6
1018,21,-6
1019,20,-6
1020,20,-5
1021,20,-5
1022,20,-6
1023,21,-6
1024,20,-6
1025,20,-5
1026,20,-5
1027,20,-6
1028,21,-6
1029,20,-6
1030,20,-5
1031,20,-5
1032,20,-6
1033,21,-6
1034,20,-6
1035,20,-5
1036,20,-5
1037,20,-6
1038,21,-6
1039,20,-6
1040,20,-5
1041,20,-5
1042,20,-6
1043,21,-6
1044,20,-6
1045,20,-5
1046,20,-5
1047,20,-6
1048,21,-6
1049,20,-6
1050,20,-5
1051,20,-5
1052,20,-6
1053,21,-6
1054,20,-6
1055,20,-5
1056,20,-5
1057,20,-6
1058,21,-6
1059,20,-6
1060,20,-5
1061,20,-5
1062,20,-6
1063,21,-6
1064,20,-6
1065,20,-5
1066,20,-5
1067,20,-6
1068,21,-6
1069,20,-6
1070,20,-5
1071,20,-5
1072,20,-6
1073,21,-6
1074,20,-6
1075,20,-5
1076,20,-5
1077,20,-6
1078,21,-6
1079,20,-6
1080,20,-5
1081,20,-5
1082,20,-6
1083,21,-6
1084,20,-6
1085,20,-5
1086,20,-5
1087,20,-6
1088,21,-6
1089,20,-6
1090,20,-5
1091,20,-5
1092,20,-6
1093,21,-6
1094,20,-6
1095,20,-5
1096,20,-5
1097,20,-6
1098,21,-6
1099,20,-6
1100,20,-5
1101,20,-5
1102,20,-6
1103,21,-6
1104,20,-6
1105,20,-5
1106,20,-5
1107,20,-6
1108,21,-6
1109,20,-6
1110,20,-5
1111,20,-5
1112,20,-6
1113,21,-6
1114,20,-6
1115,20,-5
1116,20,-5
1117,20,-6
1118,21,-6
1119,20,-6
1120,20,-5
1121,20,-5
1122,20,-6
1123,21,-6
1124,20,-6
1125,20,-5
1126,20,-5
1127,20,-6
1128,21,-6
1129,20,-6
1130,20,-5
1131,20,-5
1132,20,-6
1133,21,-6
1134,20,-6
1135,20,-5
1136,20,-5
1137,20,-6
1138,21,-6
1139,20,-6
1140,20,-5
1141,20,-5
1142,20,-6
1143,21,-6
1144,20,-6
1145,20,-5
1146,20,-5
1147,20,-6
1148,21,-6
1149,20,-6
1150,20,-5
1151,20,-5
1152,20,-6
1153,21,-6
1154,20,-6
1155,20,-5
1156,20,-5
1157,20,-6
1158,21,-6
1159,20,-6
1160,20,-5
1161,20,-5
1162,20,-6
1163,21,-6
1164,20,-6
1165,20,-5
1166,20,-5
1167,20,-6
1168,21,-6
1169,20,-6
1170,20,-5
1171,20,-5
1172,20,-6
1173,21,-6
1174,20,-6
1175,20,-5
1176,20,-5
1177,20,-6
1178,21,-6
1179,20,-6
1180,20,-5
1181,20,-5
1182,20,-6
1183,21,-6
1184,20,-6
1185,20,-5
1186,20,-5
1187,20,-6
1188,21,-6
1189,20,-6
1190,20,-5
1191,20,-5
1192,20,-6
1193,21,-6
1194,20,-6
1195,20,-5
1196,20,-5
1197,20,-6
1198,21,-6
1199,20,-6
1200,20,-5
1201,20,-5
1202,20,-6
1203,21,-6
1204,20,-6
1205,20,-5
1206,20,-5
1207,20,-6
1208,21,-6
1209,20,-6
1210,20,-5
1211,20,-5
1212,20,-6
1213,21,-6
1214,20,-6
1215,20,-5
1216,20,-5
1217,20,-6
1218,21,-6
1219,20,-6
1220,20,-5
1221,20,-5
1222,20,-6
1223,21,-6
1224,20,-6
1225,20,-5
1226,20,-5
1227,20,-6
1228,21,-6
1229,20,-6
1230,20,-5
1231,20,-5
1232,20,-6
1233,21,-6
1234,20,-6
1235,20,-5
1236,20,-5
1237,20,-6
1238,21,-6
1239,20,-6
1240,20,-5
1241,20,-5
1242,20,-6
1243,21,-6
1244,20,-6
1245,20,-5
1246,20,-5
1247,20,-6
1248,21,-6
1249,20,-6
1250,20,-5
1251,20,-5
1252,20,-6
1253,21,-6
1254,20,-6
1255,20,-5
1256,20,-5
1257,20,-6
1258,21,-6
1259,20,-6
1260,20,-5
1261,20,-5
1262,20,-6
1263,21,-6
1264,20,-6
1265,20,-5
1266,20,-5
1267,20,-6
1268,21,-6
1269,20,-6
1270,20,-5
1271,20,-5
1272,20,-6
1273,21,-6
1274,20,-6
1275,20,-5
1276,20,-5
1277,20,-6
1278,21,-6
1279,20,-6
1280,20,-5
1281,20,-5
1282,20,-6
1283,21,-6
1284,20,-6
1285,20,-5
1286,20,-5
1287,20,-6
1288,21,-6
1289,20,-6
1290,20,-5
1291,20,-5
1292,20,-6
1293,21,-6
1294,20,-6
1295,20,-5
1296,20,-5
1297,20,-6
1298,21,-6
1299,20,-6
1300,20,-5
1301,20,-5
1302,20,-6
1303,21,-6
1304,20,-6
1305,20,-5
1306,20,-5
1307,20,-6
1308,21,-6
1309,20,-6
1310,20,-5
1311,20,-5
1312,20,-6
1313,21,-6
1314,20,-6
1315,20,-5
1316,20,-5
1317,20,-6
1318,21,-6
1319,20,-6
1320,20,-5
1321,20,-5
1322,20,-6
1323,21,-6
1324,20,-6
1325,20,-5
1326,20,-5
1327,20,-6
1328,21,-6
1329,20,-6
1330,20,-5
1331,20,-5
1332,20,-6
1333,21,-6
1334,20,-6
1335,20,-5
1336,20,-5
1337,20,-6
1338,21,-6
1339,20,-6
1340,20,-5
1341,20,-5
1342,20,-6
1343,21,-6
1344,20,-6
1345,20,-5
1346,20,-5
1347,20,-6
1348,21,-6
1349,20,-6
1350,20,-5
1351,20,-5
1352,20,-6
1353,21,-6
1354,20,-6
1355,20,-5
1356,20,-5
1357,20,-6
1358,21,-6
1359,20,-6
1360,20,-5
1361,20,-5
1362,20,-6
1363,21,-6
1364,20,-6
1365,20,-5
1366,20,-5
1367,20,-6
1368,21,-6
1369,20,-6
1370,20,-5
1371,20,-5
1372,20,-6
1373,21,-6
1374,20,-6
1375,20,-5
1376,20,-5
1377,20,-6
1378,21,-6
1379,20,-6
1380,20,-5
1381,20,-5
1382,20,-6
1383,21,-6
1384,20,-6
1385,20,-5
1386,20,-5
1387,20,-6
1388,21,-6
1389,20,-6
1390,20,-5
1391,20,-5
1392,20,-6
1393,21,-6
1394,20,-6
1395,20,-5
1396,20,-5
1397,20,-6
1398,21,-6
1399,20,-6
1400,20,-5
1401,20,-5
1402,20,-6
1403,21,-6
1404,20,-6
1405,20,-5
1406,20,-5
1407,20,-6
1408,21,-6
1409,20,-6
1410,20,-5
1411,20,-5
1412,20,-6
1413,21,-6
1414,20,-6
1415,20,-5
1416,20,-5
1417,20,-6
1418,21,-6
1419,20,-6
1420,20,-5
1421,20,-5
1422,20,-6
1423,21,-6
1424,20,-6
1425,20,-5
1426,20,-5
1427,20,-6
1428,21,-6
1429,20,-6
1430,20,-5
1431,20,-5
1432,20,-6
1433,21,-6
1434,20,-6
1435,20,-5
1436,20,-5
1437,20,-6
1438,21,-6
1439,20,-6
1440,20,-5
1441,20,-5
1442,20,-6
1443,21,-6
1444,20,-6
1445,20,-5
1446,20,-5
1447,20,-6
1448,21,-6
1449,20,-6
1450,20,-5
1451,20,-5
1452,20,-6
1453,21,-6
1454,20,-6
1455,20,-5
1456,20,-5
1457,20,-6
1458,21,-6
1459,20,-6
1460,20,-5
1461,20,-5
1462,20,-6
1463,21,-6
1464,20,-6
1465,20,-5
1466,20,-5
1467,20,-6
1468,21,-6
1469,20,-6
1470,20,-5
1471,20,-5
1472,20,-6
1473,21,-6
1474,20,-6
1475,20,-5
1476,20,-5
1477,20,-6
1478,21,-6
1479,20,-6
1480,20,-5
1481,20,-5
1482,20,-6
1483,21,-6
1484,20,-6
1485,20,-5
1486,20,-5
1487,20,-6
1488,21,-6
1489,20,-6
1490,20,-5
1491,20,-5
1492,20,-6
1493,21,-6
1494,20,-6
1495,20,-5
1496,20,-5
1497,20,-6
1498,21,-6
1499,20,-6
1500,20,-5
1501,20,-5
1502,20,-6
1503,21,-6
1504,20,-6
1505,20,-5
1506,20,-5
1507,20,-6
1508,21,-6
1509,20,-6
1510,20,-5
1511,20,-5
1512,20,-6
1513,21,-6
1514,20,-6
1515,20,-5
1516,20,-5
1517,20,-6
1518,21,-6
1519,20,-6
1520,20,-5
1521,20,-5
1522,20,-6
1523,21,-6
1524,20,-6
1525,20,-5
1526,20,-5
1527,20,-6
1528,21,-6
1529,20,-6
1530,20,-5
1531,20,-5
1532,20,-6
1533,21,-6
1534,20,-6
1535,20,-5
1536,20,-5
1537,20,-6
1538,21,-6
1539,20,-6
1540,20,-5
1541,20,-5
1542,20,-6
1543,21,-6
1544,20,-6
1545,20,-5
1546,20,-5
1547,20,-6
1548,21,-6
1549,20,-6
1550,20,-5
1551,20,-5
1552,20,-6
1553,21,-6
1554,20,-6
1555,20,-5
1556,20,-5
1557,20,-6
1558,21,-6
1559,20,-6
1560,20,-5
1561,20,-5
1562,20,-6
1563,21,-6
1564,20,-6
1565,20,-5
1566,20,-5
1567,20,-6
1568,21,-6
1569,20,-6
1570,20,-5
1571,20,-5
1572,20,-6
1573,21,-6
1574,20,-6
1575,20,-5
1576,20,-5
1577,20,-6
1578,21,-6
1579,20,-6
1580,20,-5
1581,20,-5
1582,20,-6
1583,21,-6
1584,20,-6
1585,20,-5
1586,20,-5
1587,20,-6
1588,21,-6
1589,20,-6
1590,20,-5
1591,20,-5
1592,20,-6
1593,21,-6
1594,20,-6
1595,20,-5
1596,20,-5
1597,20,-6
1598,21,-6
1599,20,-6
1600,20,-5
1601,20,-5
1602,20,-6
1603,21,-6
1604,20,-6
1605,20,-5
1606,20,-5
1607,20,-6
1608,21,-6
1609,20,-6
1610,20,-5
1611,20,-5
1612,20,-6
1613,21,-6
1614,20,-6
1615,20,-5
1616,20,-5
1617,20,-6
1618,21,-6
1619,20,-6
1620,20,-5
1621,20,-5
1622,20,-6
1623,21,-6
1624,20,-6
1625,20,-5
1626,20,-5
1627,20,-6
1628,21,-6
1629,20,-6
1630,20,-5
1631,20,-5
1632,20,-6
1633,21,-6
1634,20,-6
1635,20,-5
1636,20,-5
1637,20,-6
1638,21,-6
1639,20,-6
1640,20,-5
1641,20,-5
1642,20,-6
1643,21,-6
1644,20,-6
1645,20,-5
1646,20,-5
1647,20,-6
1648,21,-6
1649,20,-6
1650,20,-5
1651,20,-5
1652,20,-6
1653,21,-6
1654,20,-6
1655,20,-5
1656,20,-5
1657,20,-6
1658,21,-6
1659,20,-6
1660,20,-5
1661,20,-5
1662,20,-6
1663,21,-6
1664,20,-6
1665,20,-5
1666,20,-5
1667,20,-6
1668,21,-6
1669,20,-6
1670,20,-5
1671,20,-5
1672,20,-6
1673,21,-6
1674,20,-6
1675,20,-5
1676,20,-5
1677,20,-6
1678,21,-6
1679,20,-6
1680,20,-5
1681,20,-5
1682,20,-6
1683,21,-6
1684,20,-6
1685,20,-5
1686,20,-5
1687,20,-6
1688,21,-6
1689,20,-6
1690,20,-5
1691,20,-5
1692,20,-6
1693,21,-6
1694,20,-6
1695,20,-5
1696,20,-5
1697,20,-6
1698,21,-6
1699,20,-6
1700,20,-5
1701,20,-5
1702,20,-6
1703,21,-6
1704,20,-6
1705,20,-5
1706,20,-5
1707,20,-6
1708,21,-6
1709,20,-6
1710,20,-5
1711,20,-5
1712,20,-6
1713,21,-6
1714,20,-6
1715,20,-5
1716,20,-5
1717,20,-6
1718,21,-6
1719,20,-6
1720,20,-5
1721,20,-5
1722,20,-6
1723,21,-6
1724,20,-6
1725,20,-5
1726,20,-5
1727,20,-6
1728,21,-6
1729,20,-6
1730,20,-5
1731,20,-5
1732,20,-6
1733,21,-6
1734,20,-6
1735,20,-5
1736,20,-5
1737,20,-6
1738,21,-6
1739,20,-6
1740,20,-5
1741,20,-5
1742,20,-6
1743,21,-6
1744,20,-6
1745,20,-5
1746,20,-5
1747,20,-6
1748,21,-6
1749,20,-6
1750,20,-5
1751,20,-5
1752,20,-6
1753,21,-6
1754,20,-6
1755,20,-5
1756,20,-5
1757,20,-6
1758,21,-6
1759,20,-6
1760,20,-5
1761,20,-5
1762,20,-6
1763,21,-6
1764,20,-6
1765,20,-5
1766,20,-5
1767,20,-6
1768,21,-6
1769,20,-6
1770,20,-5
1771,20,-5
1772,20,-6
1773,21,-6
1774,20,-6
1775,20,-5
1776,20,-5
1777,20,-6
1778,21,-6
1779,20,-6
1780,20,-5
1781,20,-5
1782,20,-6
1783,21,-6
1784,20,-6
1785,20,-5
1786,20,-5
1787,20,-6
1788,21,-6
1789,20,-6
1790,20,-5
1791,20,-5
1792,20,-6
1793,21,-6
1794,20,-6
1795,20,-5
1796,20,-5
1797,20,-6
1798,21,-6
1799,20,-6
1800,20,-5
1801,20,-5
1802,20,-6
1803,21,-6
1804,20,-6
1805,20,-5
1806,20,-5
1807,20,-6
1808,21,-6
1809,20,-6
1810,20,-5
1811,20,-5
1812,20,-6
1813,21,-6
1814,20,-6
1815,20,-5
1816,20,-5
1817,20,-6
1818,21,-6
1819,20,-6
1820,20,-5
1821,20,-5
1822,20,-6
1823,21,-6
1824,20,-6
1825,20,-5
1826,20,-5
1827,20,-6
1828,21,-6
1829,20,-6
1830,20,-5
1831,20,-5
1832,20,-6
1833,21,-6
1834,20,-6
1835,20,-5
1836,20,-5
1837,20,-6
1838,21,-6
1839,20,-6
1840,20,-5
1841,20,-5
1842,20,-6
1843,21,-6
1844,20,-6
1845,20,-5
1846,20,-5
1847,20,-6
1848,21,-6
1849,20,-6
1850,20,-5
1851,20,-5
1852,20,-6
1853,21,-6
1854,20,-6
1855,20,-5
1856,20,-5
1857,20,-6
1858,21,-6
1859,20,-6
1860,20,-5
1861,20,-5
1862,20,-6
1863,21,-6
1864,20,-6
1865,20,-5
1866,20,-5
1867,20,-6
1868,21,-6
1869,20,-6
1870,20,-5
1871,20,-5
1872,20,-6
1873,21,-6
1874,20,-6
1875,20,-5
1876,20,-5
1877,20,-6
1878,21,-6
1879,20,-6
1880,20,-5
1881,20,-5
1882,20,-6
1883,21,-6
1884,20,-6
1885,20,-5
1886,20,-5
1887,20,-6
1888,21,-6
1889,20,-6
1890,20,-5
1891,20,-5
1892,20,-6
1893,21,-6
1894,20,-6
1895,20,-5
1896,20,-5
1897,20,-6
1898,21,-6
1899,20,-6
1900,20,-5
1901,20,-5
1902,20,-6
1903,21,-6
1904,20,-6
1905,20,-5
1906,20,-5
1907,20,-6
1908,21,-6
1909,20,-6
1910,20,-5
1911,20,-5
1912,20,-6
1913,21,-6
1914,20,-6
1915,20,-5
1916,20,-5
1917,20,-6
1918,21,-6
1919,20,-6
1920,20,-5
1921,20,-5
1922,20,-6
1923,21,-6
1924,20,-6
1925,20,-5
1926,20,-5
1927,20,-6
1928,21,-6
1929,20,-6
1930,20,-5
1931,20,-5
1932,20,-6
1933,21,-6
1934,20,-6
1935,20,-5
1936,20,-5
1937,20,-6
1938,21,-6
1939,20,-6
1940,20,-5
1941,20,-5
1942,20,-6
1943,21,-6
1944,20,-6
1945,20,-5
1946,20,-5
1947,20,-6
1948,21,-6
1949,20,-6
1950,20,-5
1951,20,-5
1952,20,-6
1953,21,-6
1954,20,-6
1955,20,-5
1956,20,-5
1957,20,-6
1958,21,-6
1959,20,-6
1960,20,-5
1961,20,-5
1962,20,-6
1963,21,-6
1964,20,-6
1965,20,-5
1966,20,-5
1967,20,-6
1968,21,-6
1969,20,-6
1970,20,-5
1971,20,-5
1972,20,-6
1973,21,-6
1974,20,-6
1975,20,-5
1976,20,-5
1977,20,-6
1978,21,-6
1979,20,-6
1980,20,-5
1981,20,-5
1982,20,-6
1983,21,-6
1984,20,-6
1985,20,-5
1986,20,-5
1987,20,-6
1988,21,-6
1989,20,-6
1990,20,-5
1991,20,-5
1992,20,-6
1993,21,-6
1994,20,-6
1995,20,-5
1996,20,-5
1997,20,-6
1998,21,-6
1999,20,-6
2000,20,-5
2001,20,-5
2002,20,-6
2003,21,-6
2004,20,-6
2005,20,-5
2006,20,-5
2007,20,-6
2008,21,-6
2009,20,-6
2010,20,-5
2011,20,-5
2012,20,-6
2013,21,-6
2014,20,-6
2015,20,-5
2016,20,-5
2017,20,-6
2018,21,-6
2019,20,-6
2020,20,-5
2021,20,-5
2022,20,-6
2023,21,-6
2024,20,-6
2025,20,-5
2026,20,-5
2027,20,-6
2028,21,-6
2029,20,-6
2030,20,-5
2031,20,-5
2032,20,-6
2033,21,-6
2034,20,-6
2035,20,-5
2036,20,-5
2037,20,-6
2038,21,-6
2039,20,-6
2040,20,-5
2041,20,-5
2042,20,-6
2043,21,-6
2044,20,-6
2045,20,-5
2046,20,-5
2047,20,-6
2048,21,-6
2049,20,-6
2050,20,-5
2051,20,-5
2052,20,-6
2053,21,-6
2054,20,-6
2055,20,-5
2056,20,-5
2057,20,-6
2058,21,-6
2059,20,-6
2060,20,-5
2061,20,-5
2062,20,-6
2063,21,-6
2064,20,-6
2065,20,-5
2066,20,-5
2067,20,-6
2068,21,-6
2069,20,-6
2070,20,-5
2071,20,-5
2072,20,-6
2073,21,-6
2074,20,-6
2075,20,-5
2076,20,-5
2077,20,-6
2078,21,-6
2079,20,-6
2080,20,-5
2081,20,-5
2082,20,-6
2083,21,-6
2084,20,-6
2085,20,-5
2086,20,-5
2087,20,-6
2088,21,-6
2089,20,-6
2090,20,-5
2091,20,-5
2092,20,-6
2093,21,-6
2094,20,-6
2095,20,-5
2096,20,-5
2097,20,-6
2098,21,-6
2099,20,-6
2100,20,-5
2101,20,-5
2102,20,-6
2103,21,-6
2104,20,-6
2105,20,-5
2106,20,-5
2107,20,-6
2108,21,-6
2109,20,-6
2110,20,-5
2111,20,-5
2112,20,-6
2113,21,-6
2114,20,-6
2115,20,-5
2116,20,-5
2117,20,-6
2118,21,-6
2119,20,-6
2120,20,-5
2121,20,-5
2122,20,-6
2123,21,-6
2124,20,-6
2125,20,-5
2126,20,-5
2127,20,-6
2128,21,-6
2129,20,-6
2130,20,-5
2131,20,-5
2132,20,-6
2133,21,-6
2134,20,-6
2135,20,-5
2136,20,-5
2137,20,-6
2138,21,-6
2139,20,-6
2140,20,-5
2141,20,-5
2142,20,-6
2143,21,-6
2144,20,-6
2145,20,-5
2146,20,-5
2147,20,-6
2148,21,-6
2149,20,-6
2150,20,-5
2151,20,-5
2152,20,-6
2153,21,-6
2154,20,-6
2155,20,-5
2156,20,-5
2157,20,-6
2158,21,-6
2159,20,-6
2160,20,-5
2161,20,-5
2162,20,-6
2163,21,-6
2164,20,-6
2165,20,-5
2166,20,-5
2167,20,-6
2168,21,-6
2169,20,-6
2170,20,-5
2171,20,-5
2172,20,-6
2173,21,-6
2174,20,-6
2175,20,-5
2176,20,-5
2177,20,-6
2178,21,-6
2179,20,-6
2180,20,-5
2181,20,-5
2182,20,-6
2183,21,-6
2184,20,-6
2185,20,-5
2186,20,-5
2187,20,-6
2188,21,-6
2189,20,-6
2190,20,-5
2191,20,-5
2192,20,-6
2193,21,-6
2194,20,-6
2195,20,-5
2196,20,-5
2197,20,-6
2198,21,-6
2199,20,-6
2200,20,-5
2201,20,-5
2202,20,-6
2203,21,-6
2204,20,-6
2205,20,-5
2206,20,-5
2207,20,-6
2208,21,-6
2209,20,-6
2210,20,-5
2211,20,-5
2212,20,-6
2213,21,-6
2214,20,-6
2215,20,-5
2216,20,-5
2217,20,-6
2218,21,-6
2219,20,-6
2220,20,-5
2221,20,-5
2222,20,-6
2223,21,-6
2224,20,-6
2225,20,-5
2226,20,-5
2227,20,-6
2228,21,-6
2229,20,-6
2230,20,-5
2231,20,-5
2232,20,-6
2233,21,-6
2234,20,-6
2235,20,-5
2236,20,-5
2237,20,-6
2238,21,-6
2239,20,-6
2240,20,-5
2241,20,-5
2242,20,-6
2243,21,-6
2244,20,-6
2245,20,-5
2246,20,-5
2247,20,-6
2248,21,-6
2249,20,-6
2250,20,-5
2251,20,-5
2252,20,-6
2253,21,-6
2254,20,-6
2255,20,-5
2256,20,-5
2257,20,-6
2258,21,-6
2259,20,-6
2260,20,-5
2261,20,-5
2262,20,-6
2263,21,-6
2264,20,-6
2265,20,-5
2266,20,-5
2267,20,-6
2268,21,-6
2269,20,-6
2270,20,-5
2271,20,-5
2272,20,-6
2273,21,-6
2274,20,-6
2275,20,-5
2276,20,-5
2277,20,-6
2278,21,-6
2279,20,-6
2280,20,-5
2281,20,-5
2282,20,-6
2283,21,-6
2284,20,-6
2285,20,-5
2286,20,-5
2287,20,-6
2288,21,-6
2289,20,-6
2290,20,-5
2291,20,-5
2292,20,-6
2293,21,-6
2294,20,-6
2295,20,-5
2296,20,-5
2297,20,-6
2298,21,-6
2299,20,-6
2300,20,-5
2301,20,-5
2302,20,-6
2303,21,-6
2304,20,-6
2305,20,-5
2306,20,-5
2307,20,-6
2308,21,-6
2309,20,-6
2310,20,-5
2311,20,-5
2312,20,-6
2313,21,-6
2314,20,-6
2315,20,-5
2316,20,-5
2317,20,-6
2318,21,-6
2319,20,-6
2320,20,-5
2321,20,-5
2322,20,-6
2323,21,-6
2324,20,-6
2325,20,-5
2326,20,-5
2327,20,-6
2328,21,-6
2329,20,-6
2330,20,-5
2331,20,-5
2332,20,-6
2333,21,-6
2334,20,-6
2335,20,-5
2336,20,-5
2337,20,-6
2338,21,-6
2339,20,-6
2340,20,-5
2341,20,-5
2342,20,-6
2343,21,-6
2344,20,-6
2345,20,-5
2346,20,-5
2347,20,-6
2348,21,-6
2349,20,-6
2350,20,-5
2351,20,-5
2352,20,-6
2353,21,-6
2354,20,-6
2355,20,-5
2356,20,-5
2357,20,-6
2358,21,-6
2359,20,-6
2360,20,-5
2361,20,-5
2362,20,-6
2363,21,-6
2364,20,-6
2365,20,-5
2366,20,-5
2367,20,-6
2368,21,-6
2369,20,-6
2370,20,-5
2371,20,-5
2372,20,-6
2373,21,-6
2374,20,-6
2375,20,-5
2376,20,-5
2377,20,-6
2378,21,-6
2379,20,-6
2380,20,-5
2381,20,-5
2382,20,-6
2383,21,-6
2384,20,-6
2385,20,-5
2386,20,-5
2387,20,-6
2388,21,-6
2389,20,-6
2390,20,-5
2391,20,-5
2392,20,-6
2393,21,-6
2394,20,-6
2395,20,-5
2396,20,-5
2397,20,-6
2398,21,-6
2399,20,-6
2400,20,-5
2401,20,-5
2402,20,-6
2403,21,-6
2404,20,-6
2405,20,-5
2406,20,-5
2407,20,-6
2408,21,-6
2409,20,-6
2410,20,-5
2411,20,-5
2412,20,-6
2413,21,-6
2414,20,-6
2415,20,-5
2416,20,-5
2417,20,-6
2418,21,-6
2419,20,-6
2420,20,-5
2421,20,-5
2422,20,-6
2423,21,-6
2424,20,-6
2425,20,-5
2426,20,-5
2427,20,-6
2428,21,-6
2429,20,-6
2430,20,-5
2431,20,-5
2432,20,-6
2433,21,-6
2434,20,-6
2435,20,-5
2436,20,-5
2437,20,-6
2438,21,-6
2439,20,-6
2440,20,-5
2441,20,-5
2442,20,-6
2443,21,-6
2444,20,-6
2445,20,-5
2446,20,-5
2447,20,-6
2448,21,-6
2449,20,-6
2450,20,-5
2451,20,-5
2452,20,-6
2453,21,-6
2454,20,-6
2455,20,-5
2456,20,-5
2457,20,-6
2458,21,-6
2459,20,-6
2460,20,-5
2461,20,-5
2462,20,-6
2463,21,-6
2464,20,-6
2465,20,-5
2466,20,-5
2467,20,-6
2468,21,-6
2469,20,-6
2470,20,-5
2471,20,-5
2472,20,-6
2473,21,-6
2474,20,-6
2475,20,-5
2476,20,-5
2477,20,-6
2478,21,-6
2479,20,-6
2480,20,-5
2481,20,-5
2482,20,-6
2483,21,-6
2484,20,-6
2485,20,-5
2486,20,-5
2487,20,-6
2488,21,-6
2489,20,-6
2490,20,-5
2491,20,-5
2492,20,-6
2493,21,-6
2494,20,-6
2495,20,-5
2496,20,-5
2497,20,-6
2498,21,-6
2499,20,-6
2500,20,-5
2501,20,-5
2502,20,-6
2503,21,-6
2504,20,-6
2505,20,-5
2506,20,-5
2507,20,-6
2508,21,-6
2509,20,-6
2510,20,-5
2511,20,-5
2512,20,-6
2513,21,-6
2514,20,-6
2515,20,-5
2516,20,-5
2517,20,-6
2518,21,-6
2519,20,-6
2520,20,-5
2521,20,-5
2522,20,-6
2523,21,-6
2524,20,-6
2525,20,-5
2526,20,-5
2527,20,-6
2528,21,-6
2529,20,-6
2530,20,-5
2531,20,-5
2532,20,-6
2533,21,-6
2534,20,-6
2535,20,-5
2536,20,-5
2537,20,-6
2538,21,-6
2539,20,-6
2540,20,-5
2541,20,-5
2542,20,-6
2543,21,-6
2544,20,-6
2545,20,-5
2546,20,-5
2547,20,-6
2548,21,-6
2549,20,-6
2550,20,-5
2551,20,-5
2552,20,-6
2553,21,-6
2554,20,-6
2555,20,-5
2556,20,-5
2557,20,-6
2558,21,-6
2559,20,-6
2560,20,-5
2561,20,-5
2562,20,-6
2563,21,-6
2564,20,-6
2565,20,-5
2566,20,-5
2567,20,-6
2568,21,-6
2569,20,-6
2570,20,-5
2571,20,-5
2572,20,-6
2573,21,-6
2574,20,-6
2575,20,-5
2576,20,-5
2577,20,-6
2578,21,-6
2579,20,-6
2580,20,-5
2581,20,-5
2582,20,-6
2583,21,-6
2584,20,-6
2585,20,-5
2586,20,-5
2587,20,-6
2588,21,-6
2589,20,-6
2590,20,-5
2591,20,-5
2592,20,-6
2593,21,-6
2594,20,-6
2595,20,-5
2596,20,-5
2597,20,-6
2598,21,-6
2599,20,-6
2600,20,-5
2601,20,-5
2602,20,-6
2603,21,-6
2604,20,-6
2605,20,-5
2606,20,-5
2607,20,-6
2608,21,-6
2609,20,-6
2610,20,-5
2611,20,-5
2612,20,-6
2613,21,-6
2614,20,-6
2615,20,-5
2616,20,-5
2617,20,-6
2618,21,-6
2619,20,-6
2620,20,-5
2621,20,-5
2622,20,-6
2623,21,-6
2624,20,-6
2625,20,-5
2626,20,-5
2627,20,-6
2628,21,-6
2629,20,-6
2630,20,-5
2631,20,-5
2632,20,-6
2633,21,-6
2634,20,-6
2635,20,-5
2636,20,-5
2637,20,-6
2638,21,-6
2639,20,-6
2640,20,-5
2641,20,-5
2642,20,-6
2643,21,-6
2644,20,-6
2645,20,-5
2646,20,-5
2647,20,-6
2648,21,-6
2649,20,-6
2650,20,-5
2651,20,-5
2652,20,-6
2653,21,-6
2654,20,-6
2655,20,-5
2656,20,-5
2657,20,-6
2658,21,-6
2659,20,-6
2660,20,-5
2661,20,-5
2662,20,-6
2663,21,-6
2664,20,-6
2665,20,-5
2666,20,-5
2667,20,-6
2668,21,-6
2669,20,-6
2670,20,-5
2671,20,-5
2672,20,-6
2673,21,-6
2674,20,-6
2675,20,-5
2676,20,-5
2677,20,-6
2678,21,-6
2679,20,-6
2680,20,-5
2681,20,-5
2682,20,-6
2683,21,-6
2684,20,-6
2685,20,-5
2686,20,-5
2687,20,-6
2688,21,-6
2689,20,-6
2690,20,-5
2691,20,-5
2692,20,-6
2693,21,-6
2694,20,-6
2695,20,-5
2696,20,-5
2697,20,-6
2698,21,-6
2699,20,-6
2700,20,-5
2701,20,-5
2702,20,-6
2703,21,-6
2704,20,-6
2705,20,-5
2706,20,-5
2707,20,-6
2708,21,-6
2709,20,-6
2710,20,-5
2711,20,-5
2712,20,-6
2713,21,-6
2714,20,-6
2715,20,-5
2716,20,-5
2717,20,-6
2718,21,-6
2719,20,-6
2720,20,-5
2721,20,-5
2722,20,-6
2723,21,-6
2724,20,-6
2725,20,-5
2726,20,-5
2727,20,-6
2728,21,-6
2729,20,-6
2730,20,-5
2731,20,-5
2732,20,-6
2733,21,-6
2734,20,-6
2735,20,-5
2736,20,-5
2737,20,-6
2738,21,-6
2739,20,-6
2740,20,-5
2741,20,-5
2742,20,-6
2743,21,-6
2744,20,-6
2745,20,-5
2746,20,-5
2747,20,-6
2748,21,-6
2749,20,-6
2750,20,-5
2751,20,-5
2752,20,-6
2753,21,-6
2754,20,-6
2755,20,-5
2756,20,-5
2757,20,-6
2758,21,-6
2759,20,-6
2760,20,-5
2761,20,-5
2762,20,-6
2763,21,-6
2764,20,-6
2765,20,-5
2766,20,-5
2767,20,-6
2768,21,-6
2769,20,-6
2770,20,-5
2771,20,-5
2772,20,-6
2773,21,-6
2774,20,-6
2775,20,-5
2776,20,-5
2777,20,-6
2778,21,-6
2779,20,-6
2780,20,-5
2781,20,-5
2782,20,-6
2783,21,-6
2784,20,-6
2785,20,-5
2786,20,-5
2787,20,-6
2788,21,-6
2789,20,-6
2790,20,-5
2791,20,-5
2792,20,-6
2793,21,-6
2794,20,-6
2795,20,-5
2796,20,-5
2797,20,-6
2798,21,-6
2799,20,-6
2800,20,-5
2801,20,-5
2802,20,-6
2803,21,-6
2804,20,-6
2805,20,-5
2806,20,-5
2807,20,-6
2808,21,-6
2809,20,-6
2810,20,-5
2811,20,-5
2812,20,-6
2813,21,-6
2814,20,-6
2815,20,-5
2816,20,-5
2817,20,-6
2818,21,-6
2819,20,-6
2820,20,-5
2821,20,-5
2822,20,-6
2823,21,-6
2824,20,-6
2825,20,-5
2826,20,-5
2827,20,-6
2828,21,-6
2829,20,-6
2830,20,-5
2831,20,-5
2832,20,-6
2833,21,-6
2834,20,-6
2835,20,-5
2836,20,-5
2837,20,-6
2838,21,-6
2839,20,-6
2840,20,-5
2841,20,-5
2842,20,-6
2843,21,-6
2844,20,-6
2845,20,-5
2846,20,-5
2847,20,-6
2848,21,-6
2849,20,-6
2850,20,-5
2851,20,-5
2852,20,-6
2853,21,-6
2854,20,-6
2855,20,-5
2856,20,-5
2857,20,-6
2858,21,-6
2859,20,-6
2860,20,-5
2861,20,-5
2862,20,-6
2863,21,-6
2864,20,-6
2865,20,-5
2866,20,-5
2867,20,-6
2868,21,-6
2869,20,-6
2870,20,-5
2871,20,-5
2872,20,-6
2873,21,-6
2874,20,-6
2875,20,-5
2876,20,-5
2877,20,-6
2878,21,-6
2879,20,-6
2880,20,-5
2881,20,-5
2882,20,-6
2883,21,-6
2884,20,-6
2885,20,-5
2886,20,-5
2887,20,-6
2888,21,-6
2889,20,-6
2890,20,-5
2891,20,-5
2892,20,-6
2893,21,-6
2894,20,-6
2895,20,-5
2896,20,-5
2897,20,-6
2898,21,-6
2899,20,-6
2900,20,-5
2901,20,-5
2902,20,-6
2903,21,-6
2904,20,-6
2905,20,-5
2906,20,-5
2907,20,-6
2908,21,-6
2909,20,-6
2910,20,-5
2911,20,-5
2912,20,-6
2913,21,-6
2914,20,-6
2915,20,-5
2916,20,-5
2917,20,-6
2918,21,-6
2919,20,-6
2920,20,-5
2921,20,-5
2922,20,-6
2923,21,-6
2924,20,-6
2925,20,-5
2926,20,-5
2927,20,-6
2928,21,-6
2929,20,-6
2930,20,-5
2931,20,-5
2932,20,-6
2933,21,-6
2934,20,-6
2935,20,-5
2936,20,-5
2937,20,-6
2938,21,-6
2939,20,-6
2940,20,-5
2941,20,-5
2942,20,-6
2943,21,-6
2944,20,-6
2945,20,-5
2946,20,-5
2947,20,-6
2948,21,-6
2949,20,-6
2950,20,-5
2951,20,-5
2952,20,-6
2953,21,-6
2954,20,-6
2955,20,-5
2956,20,-5
2957,20,-6
2958,21,-6
2959,20,-6
2960,20,-5
2961,20,-5
2962,20,-6
2963,21,-6
2964,20,-6
2965,20,-5
2966,20,-5
2967,20,-6
2968,21,-6
2969,20,-6
2970,20,-5
2971,20,-5
2972,20,-6
2973,21,-6
2974,20,-6
2975,20,-5
2976,20,-5
2977,20,-6
2978,21,-6
2979,20,-6
2980,20,-5
2981,20,-5
2982,20,-6
2983,21,-6
2984,20,-6
2985,20,-5
2986,20,-5
2987,20,-6
2988,21,-6
2989,20,-6
2990,20,-5
2991,20,-5
2992,20,-6
2993,21,-6
2994,20,-6
2995,20,-5
2996,20,-5
2997,20,-6
2998,21,-6
2999,20,-6
3000,20,-5
3001,20,-5
3002,20,-6
3003,21,-6
3004,20,-6
3005,20,-5
3006,20,-5
3007,20,-6
3008,21,-6
3009,20,-6
3010,20,-5
3011,20,-5
3012,20,-6
3013,21,-6
3014,20,-6
3015,20,-5
3016,20,-5
3017,20,-6
3018,21,-6
3019,20,-6
3020,20,-5
3021,20,-5
3022,20,-6
3023,21,-6
3024,20,-6
3025,20,-5
3026,20,-5
3027,20,-6
3028,21,-6
3029,20,-6
3030,20,-5
3031,20,-5
3032,20,-6
3033,21,-6
3034,20,-6
3035,20,-5
3036,20,-5
3037,20,-6
3038,21,-6
3039,20,-6
3040,20,-5
3041,20,-5
3042,20,-6
3043,21,-6
3044,20,-6
3045,20,-5
3046,20,-5
3047,20,-6
3048,21,-6
3049,20,-6
3050,20,-5
3051,20,-5
3052,20,-6
3053,21,-6
3054,20,-6
3055,20,-5
3056,20,-5
3057,20,-6
3058,21,-6
3059,20,-6
3060,20,-5
3061,20,-5
3062,20,-6
3063,21,-6
3064,20,-6
3065,20,-5
3066,20,-5
3067,20,-6
3068,21,-6
3069,20,-6
3070,20,-5
3071,20,-5
3072,20,-6
3073,21,-6
3074,20,-6
3075,20,-5
3076,20,-5
3077,20,-6
3078,21,-6
3079,20,-6
3080,20,-5
3081,20,-5
3082,20,-6
3083,21,-6
3084,20,-6
3085,20,-5
3086,20,-5
3087,20,-6
3088,21,-6
3089,20,-6
3090,20,-5
3091,20,-5
3092,20,-6
3093,21,-6
3094,20,-6
3095,20,-5
3096,20,-5
3097,20,-6
3098,21,-6
3099,20,-6
3100,20,-5
3101,20,-5
3102,20,-6
3103,21,-6
3104,20,-6
3105,20,-5
3106,20,-5
3107,20,-6
3108,21,-6
3109,20,-6
3110,20,-5
3111,20,-5
3112,20,-6
3113,21,-6
3114,20,-6
3115,20,-5
3116,20,-5
3117,20,-6
3118,21,-6
3119,20,-6
3120,20,-5
3121,20,-5
3122,20,-6
3123,21,-6
3124,20,-6
3125,20,-5
3126,20,-5
3127,20,-6
3128,21,-6
3129,20,-6
3130,20,-5
3131,20,-5
3132,20,-6
3133,21,-6
3134,20,-6
3135,20,-5
3136,20,-5
3137,20,-6
3138,21,-6
3139,20,-6
3140,20,-5
3141,20,-5
3142,20,-6
3143,21,-6
3144,20,-6
3145,20,-5
3146,20,-5
3147,20,-6
3148,21,-6
3149,20,-6
3150,20,-5
3151,20,-5
3152,20,-6
3153,21,-6
3154,20,-6
3155,20,-5
3156,20,-5
3157,20,-6
3158,21,-6
3159,20,-6
3160,20,-5
3161,20,-5
3162,20,-6
3163,21,-6
3164,20,-6
3165,20,-5
3166,20,-5
3167,20,-6
3168,21,-6
3169,20,-6
3170,20,-5
3171,20,-5
3172,20,-6
3173,21,-6
3174,20,-6
3175,20,-5
3176,20,-5
3177,20,-6
3178,21,-6
3179,20,-6
3180,20,-5
3181,20,-5
3182,20,-6
3183,21,-6
3184,20,-6
3185,20,-5
3186,20,-5
3187,20,-6
3188,21,-6
3189,20,-6
3190,20,-5
3191,20,-5
3192,20,-6
3193,21,-6
3194,20,-6
3195,20,-5
3196,20,-5
3197,20,-6
3198,21,-6
3199,20,-6
3200,20,-5
3201,20,-5
3202,20,-6
3203,21,-6
3204,20,-6
3205,20,-5
3206,20,-5
3207,20,-6
3208,21,-6
3209,20,-6
3210,20,-5
3211,20,-5
3212,20,-6
3213,21,-6
3214,20,-6
3215,20,-5
3216,20,-5
3217,20,-6
3218,21,-6
3219,20,-6
3220,20,-5
3221,20,-5
3222,20,-6
3223,21,-6
3224,20,-6
3225,20,-5
3226,20,-5
3227,20,-6
3228,21,-6
3229,20,-6
3230,20,-5
3231,20,-5
3232,20,-6
3233,21,-6
3234,20,-6
3235,20,-5
3236,20,-5
3237,20,-6
3238,21,-6
3239,20,-6
3240,20,-5
3241,20,-5
3242,20,-6
3243,21,-6
3244,20,-6
3245,20,-5
3246,20,-5
3247,20,-6
3248,21,-6
3249,20,-6
3250,20,-5
3251,20,-5
3252,20,-6
3253,21,-6
3254,20,-6
3255,20,-5
3256,20,-5
3257,20,-6
3258,21,-6
3259,20,-6
3260,20,-5
3261,20,-5
3262,20,-6
3263,21,-6
3264,20,-6
3265,20,-5
3266,20,-5
3267,20,-6
3268,21,-6
3269,20,-6
3270,20,-5
3271,20,-5
3272,20,-6
3273,21,-6
3274,20,-6
3275,20,-5
3276,20,-5
3277,20,-6
3278,21,-6
3279,20,-6
3280,20,-5
3281,20,-5
3282,20,-6
3283,21,-6
3284,20,-6
3285,20,-5
3286,20,-5
3287,20,-6
3288,21,-6
3289,20,-6
3290,20,-5
3291,20,-5
3292,20,-6
3293,21,-6
3294,20,-6
3295,20,-5
3296,20,-5
3297,20,-6
3298,21,-6
3299,20,-6
3300,20,-5
3301,20,-5
3302,20,-6
3303,21,-6
3304,20,-6
3305,20,-5
3306,20,-5
3307,20,-6
3308,21,-6
3309,20,-6
3310,20,-5
3311,20,-5
3312,20,-6
3313,21,-6
3314,20,-6
3315,20,-5
3316,20,-5
3317,20,-6
3318,21,-6
3319,20,-6
3320,20,-5
3321,20,-5
3322,20,-6
3323,21,-6
3324,20,-6
3325,20,-5
3326,20,-5
3327,20,-6
3328,21,-6
3329,20,-6
3330,20,-5
3331,20,-5
3332,20,-6
3333,21,-6
3334,20,-6
3335,20,-5
3336,20,-5
3337,20,-6
3338,21,-6
3339,20,-6
3340,20,-5
3341,20,-5
3342,20,-6
3343,21,-6
3344,20,-6
3345,20,-5
3346,20,-5
3347,20,-6
3348,21,-6
3349,20,-6
3350,20,-5
3351,20,-5
3352,20,-6
3353,21,-6
3354,20,-6
3355,20,-5
3356,20,-5
3357,20,-6
3358,21,-6
3359,20,-6
3360,20,-5
3361,20,-5
3362,20,-6
3363,21,-6
3364,20,-6
3365,20,-5
3366,20,-5
3367,20,-6
3368,21,-6
3369,20,-6
3370,20,-5
3371,20,-5
3372,20,-6
3373,21,-6
3374,20,-6
3375,20,-5
3376,20,-5
3377,20,-6
3378,21,-6
3379,20,-6
3380,20,-5
3381,20,-5
3382,20,-6
3383,21,-6
3384,20,-6
3385,20,-5
3386,20,-5
3387,20,-6
3388,21,-6
3389,20,-6
3390,20,-5
3391,20,-5
3392,20,-6
3393,21,-6
3394,20,-6
3395,20,-5
3396,20,-5
3397,20,-6
3398,21,-6
3399,20,-6
3400,20,-5
3401,20,-5
3402,20,-6
3403,21,-6
3404,20,-6
3405,20,-5
3406,20,-5
3407,20,-6
3408,21,-6
3409,20,-6
3410,20,-5
3411,20,-5
3412,20,-6
3413,21,-6
3414,20,-6
3415,20,-5
3416,20,-5
3417,20,-6
3418,21,-6
3419,20,-6
3420,20,-5
3421,20,-5
3422,20,-6
3423,21,-6
3424,20,-6
3425,20,-5
3426,20,-5
3427,20,-6
3428,21,-6
3429,20,-6
3430,20,-5
3431,20,-5
3432,20,-6
3433,21,-6
3434,20,-6
3435,20,-5
3436,20,-5
3437,20,-6
3438,21,-6
3439,20,-6
3440,20,-5
3441,20,-5
3442,20,-6
3443,21,-6
3444,20,-6
3445,20,-5
3446,20,-5
3447,20,-6
3448,21,-6
3449,20,-6
3450,20,-5
3451,20,-5
3452,20,-6
3453,21,-6
3454,20,-6
3455,20,-5
3456,20,-5
3457,20,-6
3458,21,-6
3459,20,-6
3460,20,-5
3461,20,-5
3462,20,-6
3463,21,-6
3464,20,-6
3465,20,-5
3466,20,-5
3467,20,-6
3468,21,-6
3469,20,-6
3470,20,-5
3471,20,-5
3472,20,-6
3473,21,-6
3474,20,-6
3475,20,-5
3476,20,-5
3477,20,-6
3478,21,-6
3479,20,-6
3480,20,-5
3481,20,-5
3482,20,-6
3483,21,-6
3484,20,-6
3485,20,-5
3486,20,-5
3487,20,-6
3488,21,-6
3489,20,-6
3490,20,-5
3491,20,-5
3492,20,-6
3493,21,-6
3494,20,-6
3495,20,-5
3496,20,-5
3497,20,-6
3498,21,-6
3499,20,-6
3500,20,-5
3501,20,-5
3502,20,-6
3503,21,-6
3504,20,-6
3505,20,-5
3506,20,-5
3507,20,-6
3508,21,-6
3509,20,-6
3510,20,-5
3511,20,-5
3512,20,-6
3513,21,-6
3514,20,-6
3515,20,-5
3516,20,-5
3517,20,-6
3518,21,-6
3519,20,-6
3520,20,-5
3521,20,-5
3522,20,-6
3523,21,-6
3524,20,-6
3525,20,-5
3526,20,-5
3527,20,-6
3528,21,-6
3529,20,-6
3530,20,-5
3531,20,-5
3532,20,-6
3533,21,-6
3534,20,-6
3535,20,-5
3536,20,-5
3537,20,-6
3538,21,-6
3539,20,-6
3540,20,-5
3541,20,-5
3542,20,-6
3543,21,-6
3544,20,-6
3545,20,-5
3546,20,-5
3547,20,-6
3548,21,-6
3549,20,-6
3550,20,-5
3551,20,-5
3552,20,-6
3553,21,-6
3554,20,-6
3555,20,-5
3556,20,-5
3557,20,-6
3558,21,-6
3559,20,-6
3560,20,-5
3561,20,-5
3562,20,-6
3563,21,-6
3564,20,-6
3565,20,-5
3566,20,-5
3567,20,-6
3568,21,-6
3569,20,-6
3570,20,-5
3571,20,-5
3572,20,-6
3573,21,-6
3574,20,-6
3575,20,-5
3576,20,-5
3577,20,-6
3578,21,-6
3579,20,-6
3580,20,-5
3581,20,-5
3582,20,-6
3583,21,-6
3584,20,-6
3585,20,-5
3586,20,-5
3587,20,-6
3588,21,-6
3589,20,-6
3590,20,-5
3591,20,-5
3592,20,-6
3593,21,-6
3594,20,-6
3595,20,-5
3596,20,-5
3597,20,-6
3598,21,-6
3599,20,-6
3600,20,-5
3601,20,-5
3602,20,-6
3603,21,-6
3604,20,-6
3605,20,-5
3606,20,-5
3607,20,-6
3608,21,-6
3609,20,-6
3610,20,-5
3611,20,-5
3612,20,-6
3613,21,-6
3614,20,-6
3615,20,-5
3616,20,-5
3617,20,-6
3618,21,-6
3619,20,-6
3620,20,-5
3621,20,-5
3622,20,-6
3623,21,-6
3624,20,-6
3625,20,-5
3626,20,-5
3627,20,-6
3628,21,-6
3629,20,-6
3630,20,-5
3631,20,-5
3632,20,-6
3633,21,-6
3634,20,-6
3635,20,-5
3636,20,-5
3637,20,-6
3638,21,-6
3639,20,-6
3640,20,-5
3641,20,-5
3642,20,-6
3643,21,-6
3644,20,-6
3645,20,-5
3646,20,-5
3647,20,-6
3648,21,-6
3649,20,-6
3650,20,-5
3651,20,-5
3652,20,-6
3653,21,-6
3654,20,-6
3655,20,-5
3656,20,-5
3657,20,-6
3658,21,-6
3659,20,-6
3660,20,-5
3661,20,-5
3662,20,-6
3663,21,-6
3664,20,-6
3665,20,-5
3666,20,-5
3667,20,-6
3668,21,-6
3669,20,-6
3670,20,-5
3671,20,-5
3672,20,-6
3673,21,-6
3674,20,-6
3675,20,-5
3676,20,-5
3677,20,-6
3678,21,-6
3679,20,-6
3680,20,-5
3681,20,-5
3682,20,-6
3683,21,-6
3684,20,-6
3685,20,-5
3686,20,-5
3687,20,-6
3688,21,-6
3689,20,-6
3690,20,-5
3691,20,-5
3692,20,-6
3693,21,-6
3694,20,-6
3695,20,-5
3696,20,-5
3697,20,-6
3698,21,-6
3699,20,-6
3700,20,-5
3701,20,-5
3702,20,-6
3703,21,-6
3704,20,-6
3705,20,-5
3706,20,-5
3707,20,-6
3708,21,-6
3709,20,-6
3710,20,-5
3711,20,-5
3712,20,-6
3713,21,-6
3714,20,-6
3715,20,-5
3716,20,-5
3717,20,-6
3718,21,-6
3719,20,-6
3720,20,-5
3721,20,-5
3722,20,-6
3723,21,-6
3724,20,-6
3725,20,-5
3726,20,-5
3727,20,-6
3728,21,-6
3729,20,-6
3730,20,-5
3731,20,-5
3732,20,-6
3733,21,-6
3734,20,-6
3735,20,-5
3736,20,-5
3737,20,-6
3738,21,-6
3739,20,-6
3740,20,-5
3741,20,-5
3742,20,-6
3743,21,-6
3744,20,-6
3745,20,-5
3746,20,-5
3747,20,-6
3748,21,-6
3749,20,-6
3750,20,-5
3751,20,-5
3752,20,-6
3753,21,-6
3754,20,-6
3755,20,-5
3756,20,-5
3757,20,-6
3758,21,-6
3759,20,-6
3760,20,-5
3761,20,-5
3762,20,-6
3763,21,-6
3764,20,-6
3765,20,-5
3766,20,-5
3767,20,-6
3768,21,-6
3769,20,-6
3770,20,-5
3771,20,-5
3772,20,-6
3773,21,-6
3774,20,-6
3775,20,-5
3776,20,-5
3777,20,-6
3778,21,-6
3779,20,-6
3780,20,-5
3781,20,-5
3782,20,-6
3783,21,-6
3784,20,-6
3785,20,-5
3786,20,-5
3787,20,-6
3788,21,-6
3789,20,-6
3790,20,-5
3791,20,-5
3792,20,-6
3793,21,-6
3794,20,-6
3795,20,-5
3796,20,-5
3797,20,-6
3798,21,-6
3799,20,-6
3800,20,-5
3801,20,-5
3802,20,-6
3803,21,-6
3804,20,-6
3805,20,-5
3806,20,-5
3807,20,-6
3808,21,-6
3809,20,-6
3810,20,-5
3811,20,-5
3812,20,-6
3813,21,-6
3814,20,-6
3815,20,-5
3816,20,-5
3817,20,-6
3818,21,-6
3819,20,-6
3820,20,-5
3821,20,-5
3822,20,-6
3823,21,-6
3824,20,-6
3825,20,-5
3826,20,-5
3827,20,-6
3828,21,-6
3829,20,-6
3830,20,-5
3831,20,-5
3832,20,-6
3833,21,-6
3834,20,-6
3835,20,-5
3836,20,-5
3837,20,-6
3838,21,-6
3839,20,-6
3840,20,-5
3841,20,-5
3842,20,-6
3843,21,-6
3844,20,-6
3845,20,-5
3846,20,-5
3847,20,-6
3848,21,-6
3849,20,-6
3850,20,-5
3851,20,-5
3852,20,-6
3853,21,-6
3854,20,-6
3855,20,-5
3856,20,-5
3857,20,-6
3858,21,-6
3859,20,-6
3860,20,-5
3861,20,-5
3862,20,-6
3863,21,-6
3864,20,-6
3865,20,-5
3866,20,-5
3867,20,-6
3868,21,-6
3869,20,-6
3870,20,-5
3871,20,-5
3872,20,-6
3873,21,-6
3874,20,-6
3875,20,-5
3876,20,-5
3877,20,-6
3878,21,-6
3879,20,-6
3880,20,-5
3881,20,-5
3882,20,-6
3883,21,-6
3884,20,-6
3885,20,-5
3886,20,-5
3887,20,-6
3888,21,-6
3889,20,-6
3890,20,-5
3891,20,-5
3892,20,-6
3893,21,-6
3894,20,-6
3895,20,-5
3896,20,-5
3897,20,-6
3898,21,-6
3899,20,-6
3900,20,-5
3901,20,-5
3902,20,-6
3903,21,-6
3904,20,-6
3905,20,-5
3906,20,-5
3907,20,-6
3908,21,-6
3909,20,-6
3910,20,-5
3911,20,-5
3912,20,-6
3913,21,-6
3914,20,-6
3915,20,-5
3916,20,-5
3917,20,-6
3918,21,-6
3919,20,-6
3920,20,-5
3921,20,-5
3922,20,-6
3923,21,-6
3924,20,-6
3925,20,-5
3926,20,-5
3927,20,-6
3928,21,-6
3929,20,-6
3930,20,-5
3931,20,-5
3932,20,-6
3933,21,-6
3934,20,-6
3935,20,-5
3936,20,-5
3937,20,-6
3938,21,-6
3939,20,-6
3940,20,-5
3941,20,-5
3942,20,-6
3943,21,-6
3944,20,-6
3945,20,-5
3946,20,-5
3947,20,-6
3948,21,-6
3949,20,-6
3950,20,-5
3951,20,-5
3952,20,-6
3953,21,-6
3954,20,-6
3955,20,-5
3956,20,-5
3957,20,-6
3958,21,-6
3959,20,-6
3960,20,-5
3961,20,-5
3962,20,-6
3963,21,-6
3964,20,-6
3965,20,-5
3966,20,-5
3967,20,-6
3968,21,-6
3969,20,-6
3970,20,-5
3971,20,-5
3972,20,-6
3973,21,-6
3974,20,-6
3975,20,-5
3976,20,-5
3977,20,-6
3978,21,-6
3979,20,-6
3980,20,-5
3981,20,-5
3982,20,-6
3983,21,-6
3984,20,-6
3985,20,-5
3986,20,-5
3987,20,-6
3988,21,-6
3989,20,-6
3990,20,-5
3991,20,-5
3992,20,-6
3993,21,-6
3994,20,-6
3995,20,-5
3996,20,-5
3997,20,-6
3998,21,-6
3999,20,-6
4000,20,-5
4001,20,-5
4002,20,-6
4003,21,-6
4004,20,-6
4005,20,-5
4006,20,-5
4007,20,-6
4008,21,-6
4009,20,-6
4010,20,-5
4011,20,-5
4012,20,-6
4013,21,-6
4014,20,-6
4015,20,-5
4016,20,-5
4017,20,-6
4018,21,-6
4019,20,-6
4020,20,-5
4021,20,-5
4022,20,-6
4023,21,-6
4024,20,-6
4025,20,-5
4026,20,-5
4027,20,-6
4028,21,-6
4029,20,-6
4030,20,-5
4031,20,-5
4032,20,-6
4033,21,-6
4034,20,-6
4035,20,-5
4036,20,-5
4037,20,-6
4038,21,-6
4039,20,-6
4040,20,-5
4041,20,-5
4042,20,-6
4043,21,-6
4044,20,-6
4045,20,-5
4046,20,-5
4047,20,-6
4048,21,-6
4049,20,-6
4050,20,-5
4051,20,-5
4052,20,-6
4053,21,-6
4054,20,-6
4055,20,-5
4056,20,-5
4057,20,-6
4058,21,-6
4059,20,-6
4060,20,-5
4061,20,-5
4062,20,-6
4063,21,-6
4064,20,-6
4065,20,-5
4066,20,-5
4067,20,-6
4068,21,-6
4069,20,-6
4070,20,-5
4071,20,-5
4072,20,-6
4073,21,-6
4074,20,-6
4075,20,-5
4076,20,-5
4077,20,-6
4078,21,-6
4079,20,-6
4080,20,-5
4081,20,-5
4082,20,-6
4083,21,-6
4084,20,-6
4085,20,-5
4086,20,-5
4087,20,-6
4088,21,-6
4089,20,-6
4090,20,-5
4091,20,-5
4092,20,-6
4093,21,-6
4094,20,-6
4095,20,-5
